date,open,close,high,low,volume
2025-01-02,4.35,4.35,4.57,4.18,326037.49
2025-01-03,4.35,4.15,4.35,4.14,157223.89
2025-01-06,4.15,4.42,4.56,3.99,352388.78
2025-01-07,4.26,4.18,4.32,4.06,211898.1
2025-01-08,4.16,4.22,4.3,4.04,136963.48
2025-01-09,4.19,4.14,4.23,4.13,57783.0
2025-01-10,4.13,4.0,4.19,4.0,62261.0
2025-01-13,3.94,4.21,4.25,3.89,124826.0
2025-01-14,4.21,4.28,4.29,4.17,74875.75
2025-01-15,4.3,4.19,4.31,4.16,57458.4
2025-01-16,4.19,4.2,4.28,4.18,50097.0
2025-01-17,4.19,4.21,4.25,4.17,36862.0
2025-01-20,4.22,4.31,4.34,4.18,66815.03
2025-01-21,4.32,4.26,4.35,4.23,45962.81
2025-01-22,4.26,4.26,4.4,4.19,69345.4
2025-01-23,4.34,4.28,4.36,4.26,42168.0
2025-01-24,4.28,4.26,4.3,4.22,45702.23
2025-01-27,4.27,4.34,4.45,4.27,51345.62
2025-02-05,4.37,4.4,4.43,4.33,41806.6
2025-02-06,4.36,4.42,4.42,4.35,44659.2
2025-02-07,4.42,4.47,4.51,4.42,50581.32
2025-02-10,4.5,4.57,4.57,4.48,46085.4
2025-02-11,4.6,4.53,4.6,4.46,46907.2
2025-02-12,4.53,4.52,4.58,4.5,45741.34
2025-02-13,4.54,4.5,4.56,4.49,38384.4
2025-02-14,4.48,4.5,4.55,4.48,53475.4
2025-02-17,4.56,4.57,4.62,4.5,66772.0
2025-02-18,4.54,4.4,4.59,4.39,60522.43
2025-02-19,4.4,4.44,4.46,4.37,48839.4
2025-02-20,4.44,4.52,4.54,4.44,50737.0
2025-02-21,4.5,4.45,4.54,4.43,59689.8
2025-02-24,4.46,4.46,4.5,4.38,63591.7
2025-02-25,4.44,4.4,4.49,4.38,53398.0
2025-02-26,4.43,4.44,4.47,4.41,45985.26
2025-02-27,4.44,4.42,4.48,4.34,63774.0
2025-02-28,4.42,4.29,4.44,4.27,72839.8
2025-03-03,4.34,4.42,4.47,4.31,81093.8
2025-03-04,4.38,4.45,4.47,4.37,49996.82
2025-03-05,4.45,4.31,4.46,4.25,79016.4
2025-03-06,4.31,4.34,4.36,4.25,62704.98
2025-03-07,4.33,4.33,4.42,4.29,59198.2
2025-03-10,4.36,4.41,4.5,4.36,51974.8
2025-03-11,4.38,4.46,4.46,4.33,52481.8
2025-03-12,4.48,4.46,4.5,4.4,49020.6
2025-03-13,4.46,4.42,4.46,4.35,39836.6
2025-03-14,4.44,4.52,4.53,4.4,68098.2
2025-03-17,4.55,4.55,4.57,4.5,42168.68
2025-03-18,4.54,4.6,4.7,4.5,91455.35
2025-03-19,4.63,4.55,4.64,4.53,51243.32
2025-03-20,4.55,4.54,4.59,4.52,43190.0
2025-03-21,4.64,4.55,4.89,4.55,141595.86
2025-03-24,4.51,4.37,4.59,4.29,114873.0
2025-03-25,4.37,4.38,4.42,4.29,92800.56
2025-03-26,4.41,4.51,4.59,4.35,96214.0
2025-03-27,4.52,4.68,4.78,4.39,215320.08
2025-03-28,4.68,4.34,4.69,4.33,244977.34
2025-03-31,4.29,4.25,4.36,4.21,119906.8
2025-04-01,4.27,4.68,4.68,4.26,108483.57
2025-04-02,5.08,4.78,5.08,4.66,440327.12
2025-04-03,4.76,4.67,4.83,4.61,419091.93
2025-04-07,4.53,4.2,4.53,4.2,168738.1
2025-04-08,4.06,3.79,4.18,3.77,304979.9
2025-04-09,3.77,3.93,3.98,3.46,232992.56
2025-04-10,3.98,4.01,4.07,3.97,124307.52
2025-04-11,3.95,4.18,4.21,3.94,199991.2
2025-04-14,4.21,4.23,4.29,4.19,97258.28
2025-04-15,4.22,4.28,4.3,4.18,87874.6
2025-04-16,4.28,4.19,4.28,4.11,78584.8
2025-04-17,4.18,4.26,4.3,4.15,61518.0
2025-04-18,4.27,4.29,4.37,4.23,56366.0
2025-04-21,4.3,4.41,4.41,4.25,64596.9
2025-04-22,4.42,4.47,4.48,4.37,65545.15
2025-04-23,4.47,4.48,4.51,4.45,55064.6
2025-04-24,4.46,4.5,4.56,4.45,59338.96
2025-04-25,4.52,4.56,4.6,4.49,67645.8
2025-04-28,4.59,4.56,4.67,4.52,99301.0
2025-04-29,4.55,4.66,4.69,4.55,71679.0
2025-04-30,4.66,4.69,4.74,4.65,60538.33
2025-05-06,4.71,4.79,4.79,4.7,98962.37
2025-05-07,4.81,4.84,4.87,4.77,82197.1
2025-05-08,4.86,4.93,4.95,4.79,74105.99
2025-05-09,4.96,5.01,5.08,4.92,120110.34
2025-05-12,5.09,5.0,5.11,4.9,103822.76
2025-05-13,5.01,5.02,5.06,4.97,68121.0
2025-05-14,5.02,5.0,5.04,4.96,78635.03
2025-05-15,4.99,5.04,5.06,4.98,65610.0
2025-05-16,5.03,5.15,5.16,4.99,80863.0
2025-05-19,5.16,5.21,5.22,5.09,71491.0
2025-05-20,5.21,5.37,5.38,5.21,86253.64
2025-05-21,5.36,5.27,5.36,5.23,104461.05
2025-05-22,5.26,5.26,5.33,5.22,80195.2
2025-05-23,5.25,5.25,5.35,5.25,82355.51
2025-05-26,5.25,5.25,5.28,5.15,104320.65
2025-05-27,5.24,5.32,5.32,5.23,52726.4
2025-05-28,5.29,5.32,5.33,5.26,61700.92
2025-05-29,5.33,5.4,5.4,5.24,77107.33
2025-05-30,5.41,5.44,5.49,5.37,71912.7
2025-06-03,5.42,5.57,5.6,5.42,133577.0
2025-06-04,5.57,5.66,5.69,5.53,116053.2
2025-06-05,5.73,5.55,5.76,5.51,137437.6
2025-06-06,5.57,5.72,5.88,5.54,209196.43
2025-06-09,5.76,6.16,6.23,5.76,285178.71
2025-06-10,6.07,5.78,6.1,5.69,378385.63
2025-06-11,5.8,5.83,5.99,5.78,201412.15
2025-06-12,5.82,5.95,6.08,5.78,257410.95
2025-06-13,5.96,5.77,5.99,5.74,229882.2
2025-06-16,5.73,5.67,5.79,5.6,206302.52
2025-06-17,5.67,5.56,5.76,5.54,168770.76
2025-06-18,5.52,5.45,5.55,5.43,129377.84
2025-06-19,5.41,5.29,5.47,5.25,107132.34
2025-06-20,5.3,5.29,5.38,5.24,89196.08
2025-06-23,5.26,5.37,5.38,5.24,77358.0
2025-06-24,5.4,5.57,5.64,5.37,105795.71
2025-06-25,5.57,5.54,5.71,5.47,109621.2
2025-06-26,5.54,5.45,5.55,5.36,79831.73
2025-06-27,5.47,5.46,5.53,5.41,76473.96
2025-06-30,5.45,5.49,5.49,5.38,78337.31
2025-07-01,5.49,5.71,5.71,5.49,128959.55
2025-07-02,5.71,5.74,5.99,5.68,165999.43
2025-07-03,5.8,5.91,5.95,5.71,178144.66
2025-07-04,6.03,5.83,6.03,5.76,157474.98
2025-07-07,5.76,5.71,5.83,5.69,145093.6
2025-07-08,5.72,5.74,5.87,5.66,99475.38
2025-07-09,5.72,5.7,5.75,5.67,76579.36
2025-07-10,5.94,6.26,6.26,5.84,319353.01
2025-07-11,6.78,6.51,6.78,6.24,944866.5
2025-07-14,6.32,7.17,7.17,6.29,554417.97
2025-07-15,7.38,6.69,7.47,6.63,882043.85
2025-07-16,6.55,6.43,6.72,6.41,527001.1
2025-07-17,6.49,7.07,7.07,6.44,242129.01
2025-07-18,7.24,6.96,7.3,6.72,805064.34
2025-07-21,6.82,6.82,6.97,6.77,435899.3
2025-07-22,6.92,6.7,6.95,6.66,468039.78
2025-07-23,6.63,6.53,6.77,6.48,351729.95
2025-07-24,6.55,6.58,6.64,6.47,247029.12
2025-07-25,6.56,6.55,6.64,6.51,207085.4
2025-07-28,6.53,6.57,6.62,6.48,182697.78
2025-07-29,6.56,6.72,6.75,6.49,336039.38
2025-07-30,6.68,6.68,6.85,6.59,315876.23
2025-07-31,6.64,6.62,6.81,6.59,250366.73
2025-08-01,6.6,7.0,7.17,6.55,576407.29
2025-08-04,6.96,7.0,7.09,6.81,420914.63
2025-08-05,6.99,7.11,7.35,6.93,430753.97
2025-08-06,7.05,6.86,7.17,6.84,354220.57
2025-08-07,6.88,6.74,7.06,6.73,284633.96
2025-08-08,6.75,6.8,6.82,6.67,208423.02
2025-08-11,6.84,6.93,6.95,6.78,216050.58
2025-08-12,6.87,6.69,6.92,6.66,248737.31
2025-08-13,6.71,6.7,6.74,6.6,177291.04
2025-08-14,6.72,6.69,6.97,6.63,238005.4
2025-08-15,6.68,6.72,6.82,6.63,168581.55
2025-08-18,6.72,6.77,6.85,6.7,199447.32
2025-08-19,6.73,6.9,7.06,6.73,321080.8
2025-08-20,6.93,6.88,7.01,6.75,225617.05
2025-08-21,6.92,6.85,7.12,6.82,204847.83
2025-08-22,6.85,6.72,6.85,6.64,207236.18
2025-08-25,6.72,6.73,6.77,6.65,168479.77
2025-08-26,6.72,6.67,6.72,6.66,130307.49
2025-08-27,6.66,6.46,6.69,6.45,194986.4
2025-08-28,6.5,6.4,6.55,6.21,165109.41
2025-08-29,6.37,6.39,6.44,6.35,88272.0
2025-09-01,6.42,6.48,6.48,6.32,101807.8
2025-09-02,6.48,6.4,6.48,6.3,108069.0
2025-09-03,6.4,6.36,6.47,6.33,82261.59
2025-09-04,6.35,6.37,6.43,6.27,92139.47
2025-09-05,6.39,6.32,6.4,6.21,107006.16
2025-09-08,6.3,6.47,6.47,6.29,97704.09
2025-09-09,6.46,6.37,6.49,6.34,77322.0
2025-09-10,6.36,6.39,6.41,6.33,51582.4
2025-09-11,6.37,6.43,6.44,6.26,68893.48
2025-09-12,6.43,6.48,6.52,6.4,79656.87
2025-09-15,6.47,6.4,6.48,6.37,56679.4
2025-09-16,6.37,6.37,6.43,6.31,56297.04
2025-09-17,6.36,6.34,6.41,6.33,57895.2
2025-09-18,6.34,6.19,6.37,6.14,79326.66
2025-09-19,6.2,6.18,6.27,6.12,56433.4
2025-09-22,6.14,6.15,6.26,6.1,62629.55
2025-09-23,6.11,6.06,6.14,5.91,83703.0
2025-09-24,6.02,6.15,6.17,6.01,65391.18
2025-09-25,6.18,6.08,6.21,6.04,54869.0
2025-09-26,6.06,6.08,6.12,6.0,40958.12
2025-09-29,6.05,6.09,6.12,5.97,50238.2
2025-09-30,6.08,6.1,6.13,6.06,42104.16
2025-10-09,6.11,6.12,6.14,6.04,64101.64
2025-10-10,6.11,6.23,6.27,6.08,85871.17
2025-10-13,6.11,6.21,6.21,5.98,73529.91
2025-10-14,6.21,6.29,6.31,6.21,76223.0
2025-10-15,6.26,6.44,6.44,6.26,114376.43
2025-10-16,6.44,6.56,6.57,6.4,181249.83
2025-10-17,6.51,6.5,6.55,6.42,126376.58
2025-10-20,6.45,6.16,6.45,6.09,215735.88
2025-10-21,6.14,6.18,6.21,6.07,125312.3
2025-10-22,6.16,6.17,6.32,6.14,106427.38
2025-10-23,6.17,6.16,6.28,6.09,75642.05
2025-10-24,6.16,6.1,6.19,6.1,68065.65
2025-10-27,6.1,6.12,6.15,6.09,76837.8
2025-10-28,6.11,6.07,6.13,6.06,57661.96
2025-10-29,6.04,6.05,6.08,6.0,58932.0
2025-10-30,6.04,5.96,6.04,5.95,73920.6
2025-10-31,5.99,6.09,6.11,5.97,75796.64
2025-11-03,6.14,6.09,6.16,6.07,100437.83
2025-11-04,6.09,6.07,6.12,6.04,50623.2
2025-11-05,6.01,6.08,6.09,6.01,53925.18
2025-11-06,6.07,6.03,6.07,5.99,52245.6
2025-11-07,6.04,6.05,6.07,6.01,49108.8
2025-11-10,6.08,6.18,6.19,6.03,92820.48
2025-11-11,6.18,6.21,6.22,6.11,71402.43
2025-11-12,6.21,6.27,6.28,6.19,89639.0
2025-11-13,6.27,6.34,6.34,6.2,85640.0
2025-11-14,6.34,6.44,6.5,6.31,136847.43
2025-11-17,6.44,6.37,6.44,6.3,102473.32
2025-11-18,6.36,6.3,6.43,6.28,62093.63
2025-11-19,6.32,6.18,6.34,6.16,57572.0
2025-11-20,6.21,6.16,6.23,6.11,51967.8
2025-11-21,6.14,5.92,6.2,5.91,91526.84
2025-11-24,5.97,5.98,6.02,5.93,47873.88
2025-11-25,6.04,6.16,6.2,5.98,71646.06
2025-11-26,6.14,6.11,6.3,6.09,72019.12
2025-11-27,6.13,6.15,6.22,6.04,62379.2
2025-11-28,6.16,6.08,6.19,6.04,54754.2
2025-12-01,6.11,6.18,6.21,6.11,59055.2
2025-12-02,6.15,6.15,6.17,6.06,42487.2
2025-12-03,6.17,6.36,6.36,6.11,100234.45
2025-12-04,6.55,6.99,6.99,6.44,324531.07
2025-12-05,6.99,6.66,7.12,6.54,687956.95
2025-12-08,6.5,6.63,6.63,6.44,403811.66
2025-12-09,6.55,6.37,6.59,6.37,285689.64
2025-12-10,6.34,6.2,6.36,6.16,190768.44
2025-12-11,6.2,6.03,6.26,6.03,179389.73
2025-12-12,6.02,6.02,6.09,5.99,91594.0
2025-12-15,6.0,6.04,6.08,5.94,74641.48
2025-12-16,6.03,5.79,6.03,5.73,126934.0
2025-12-17,5.76,5.75,5.78,5.61,111117.51
2025-12-18,5.72,5.83,5.86,5.71,69803.24
2025-12-19,5.83,5.96,5.97,5.83,67766.24
2025-12-22,5.96,6.01,6.04,5.93,80787.44
2025-12-23,6.03,6.01,6.04,5.94,61923.52
2025-12-24,5.97,6.04,6.04,5.97,47728.2
2025-12-25,6.04,6.1,6.1,6.0,63501.95
2025-12-26,6.07,6.04,6.12,6.0,73631.34
2025-12-29,6.04,6.19,6.21,5.98,106057.78
2025-12-30,6.19,6.23,6.31,6.09,145023.72
2025-12-31,6.17,6.1,6.22,6.04,83397.8
2026-01-05,6.6,6.45,6.61,6.24,332908.54
2026-01-06,6.51,6.66,6.74,6.41,291474.83
2026-01-07,6.6,6.6,6.71,6.57,193253.04
2026-01-08,6.63,6.97,7.05,6.61,298370.6
2026-01-09,6.97,7.2,7.27,6.97,282428.78
2026-01-12,7.27,7.21,7.4,7.14,209337.92
2026-01-13,7.22,7.01,7.28,7.01,216624.46
2026-01-14,7.24,7.06,7.28,6.94,295062.89
2026-01-15,6.99,7.22,7.38,6.96,320248.68
2026-01-16,7.19,7.33,7.53,7.19,237111.13
2026-01-19,7.36,7.49,7.61,7.31,226486.72
2026-01-20,7.42,7.04,7.49,6.99,365046.67
2026-01-21,7.1,7.25,7.49,7.07,303791.3
2026-01-22,7.36,7.24,7.37,7.14,155825.49
2026-01-23,7.25,7.38,7.4,7.23,158370.32
2026-01-26,7.39,7.44,7.46,7.33,148244.32
2026-01-27,7.44,7.38,7.44,7.24,115735.83
2026-01-28,7.38,7.29,7.44,7.25,97057.0
2026-01-29,7.29,7.14,7.29,7.09,98566.72
2026-01-30,7.13,7.13,7.21,7.03,95441.73
2026-02-02,7.16,7.02,7.17,7.0,90734.2
2026-02-03,7.06,7.09,7.19,7.01,87603.58
2026-02-04,7.09,7.1,7.16,7.05,75442.2
2026-02-05,7.09,7.11,7.15,7.06,55375.25
2026-02-06,7.22,7.18,7.37,7.18,175607.0
2026-02-09,7.18,7.12,7.29,7.09,108964.8
2026-02-10,7.1,7.15,7.24,7.05,75318.32
2026-02-11,7.16,7.13,7.18,7.1,48124.75
2026-02-12,7.13,6.98,7.16,6.98,73087.2
2026-02-13,7.08,7.02,7.1,6.99,73210.2
2026-02-24,7.09,7.11,7.14,7.0,67418.63
2026-02-25,7.11,7.13,7.16,7.03,60618.6
2026-02-26,7.12,7.02,7.12,7.0,76262.41
2026-02-27,7.05,7.13,7.13,7.02,72157.2
2026-03-02,7.1,6.86,7.11,6.8,127482.7
2026-03-03,6.87,6.73,6.96,6.72,105530.31
2026-03-04,6.68,6.71,6.79,6.65,82429.4
2026-03-05,6.78,6.72,6.81,6.68,73724.88
2026-03-06,6.71,6.93,6.94,6.66,89802.48
2026-03-09,6.95,6.96,6.99,6.82,90674.2
2026-03-10,6.96,7.0,7.01,6.89,97779.8
