date,open,close,high,low,volume
2021-08-19,8.05,8.07,9.67,8.05,4909185.56
2021-08-20,7.26,7.26,7.4,7.26,738416.98
2021-08-23,6.56,6.72,7.0,6.55,3099954.62
2021-08-24,6.6,6.44,6.67,6.42,2246121.76
2021-08-25,6.41,6.31,6.5,6.3,1547365.2
2021-08-26,6.33,6.13,6.34,6.12,1454471.2
2021-08-27,6.12,6.05,6.16,6.04,896581.58
2021-08-30,6.03,5.85,6.05,5.84,1192835.69
2021-08-31,5.81,5.9,5.93,5.77,1001122.73
2021-09-01,5.86,5.97,6.1,5.78,1338982.45
2021-09-02,5.91,5.88,5.94,5.85,825102.15
2021-09-03,5.88,6.03,6.17,5.86,1262833.01
2021-09-06,5.97,6.0,6.05,5.92,780399.32
2021-09-07,5.97,6.0,6.03,5.92,739199.58
2021-09-08,5.97,5.99,6.05,5.94,643661.01
2021-09-09,5.98,6.03,6.06,5.96,689992.06
2021-09-10,6.01,6.1,6.18,6.01,1143312.1
2021-09-13,6.07,6.0,6.07,5.97,626273.67
2021-09-14,5.97,5.86,6.0,5.85,695366.29
2021-09-15,5.85,5.84,5.87,5.83,342038.69
2021-09-16,5.84,5.78,5.87,5.78,419314.08
2021-09-17,5.78,5.7,5.79,5.68,490107.92
2021-09-22,5.63,5.63,5.63,5.6,323847.88
2021-09-23,5.69,5.69,5.75,5.67,293068.57
2021-09-24,5.69,5.62,5.7,5.61,253397.2
2021-09-27,5.63,5.53,5.63,5.52,361424.67
2021-09-28,5.52,5.55,5.6,5.51,223941.32
2021-09-29,5.52,5.51,5.56,5.48,312009.06
2021-09-30,5.51,5.5,5.51,5.48,183480.26
2021-10-08,5.51,5.55,5.57,5.51,186499.78
2021-10-11,5.55,5.6,5.67,5.55,275010.54
2021-10-12,5.58,5.52,5.59,5.5,237494.43
2021-10-13,5.52,5.6,5.65,5.48,336655.34
2021-10-14,5.57,5.54,5.57,5.54,178303.82
2021-10-15,5.54,5.52,5.57,5.51,172853.33
2021-10-18,5.51,5.5,5.53,5.49,156961.45
2021-10-19,5.51,5.5,5.53,5.5,133686.84
2021-10-20,5.5,5.48,5.51,5.48,151102.82
2021-10-21,5.48,5.51,5.54,5.48,247496.31
2021-10-22,5.51,5.48,5.54,5.48,189655.74
2021-10-25,5.48,5.44,5.49,5.43,207065.27
2021-10-26,5.44,5.42,5.46,5.42,158297.64
2021-10-27,5.41,5.32,5.43,5.31,274623.16
2021-10-28,5.32,5.2,5.32,5.18,288688.38
2021-10-29,5.2,5.22,5.23,5.17,148404.19
2021-11-01,5.25,5.32,5.33,5.23,225269.79
2021-11-02,5.29,5.22,5.32,5.21,215743.87
2021-11-03,5.2,5.23,5.23,5.2,94557.11
2021-11-04,5.23,5.23,5.25,5.22,103543.06
2021-11-05,5.22,5.24,5.26,5.22,114536.94
2021-11-08,5.23,5.25,5.26,5.23,99495.43
2021-11-09,5.26,5.25,5.26,5.24,97582.68
2021-11-10,5.25,5.24,5.26,5.2,124250.78
2021-11-11,5.23,5.29,5.3,5.23,201545.93
2021-11-12,5.29,5.27,5.3,5.25,125129.21
2021-11-15,5.27,5.29,5.29,5.26,98387.72
2021-11-16,5.29,5.26,5.3,5.26,118804.88
2021-11-17,5.26,5.26,5.27,5.25,92608.2
2021-11-18,5.26,5.24,5.26,5.24,96033.31
2021-11-19,5.24,5.28,5.29,5.23,144774.06
2021-11-22,5.29,5.27,5.29,5.26,117099.92
2021-11-23,5.27,5.3,5.31,5.27,145262.71
2021-11-24,5.3,5.32,5.33,5.28,122162.96
2021-11-25,5.31,5.29,5.31,5.29,80703.0
2021-11-26,5.29,5.27,5.3,5.26,99814.7
2021-11-29,5.26,5.29,5.3,5.24,138768.46
2021-11-30,5.29,5.31,5.32,5.29,132513.84
2021-12-01,5.32,5.37,5.38,5.3,199351.33
2021-12-02,5.38,5.36,5.39,5.35,193029.72
2021-12-03,5.37,5.34,5.39,5.32,237957.96
2021-12-06,5.35,5.33,5.39,5.32,227654.71
2021-12-07,5.36,5.32,5.37,5.3,209036.52
2021-12-08,5.32,5.32,5.33,5.31,130303.06
2021-12-09,5.32,5.38,5.42,5.31,342743.32
2021-12-10,5.35,5.34,5.36,5.33,180501.89
2021-12-13,5.34,5.33,5.36,5.33,142880.3
2021-12-14,5.33,5.32,5.34,5.31,126307.43
2021-12-15,5.32,5.32,5.33,5.31,91717.98
2021-12-16,5.32,5.33,5.33,5.32,106323.71
2021-12-17,5.33,5.31,5.33,5.31,140749.05
2021-12-20,5.3,5.28,5.31,5.28,156840.0
2021-12-21,5.28,5.33,5.35,5.28,207937.72
2021-12-22,5.35,5.32,5.35,5.31,126038.25
2021-12-23,5.32,5.3,5.32,5.29,109227.93
2021-12-24,5.29,5.27,5.3,5.26,153718.21
2021-12-27,5.28,5.28,5.28,5.27,70883.01
2021-12-28,5.28,5.28,5.28,5.27,64792.37
2021-12-29,5.28,5.27,5.28,5.26,73676.47
2021-12-30,5.27,5.27,5.28,5.26,83526.42
2021-12-31,5.28,5.28,5.28,5.27,87966.49
2022-01-04,5.28,5.31,5.31,5.28,158608.22
2022-01-05,5.3,5.32,5.34,5.29,218866.41
2022-01-06,5.32,5.32,5.35,5.31,185496.64
2022-01-07,5.32,5.35,5.37,5.32,276999.31
2022-01-10,5.35,5.35,5.37,5.34,202863.86
2022-01-11,5.35,5.37,5.39,5.33,222442.91
2022-01-12,5.37,5.36,5.37,5.34,159005.23
2022-01-13,5.35,5.37,5.42,5.35,283023.95
2022-01-14,5.37,5.32,5.38,5.31,230626.0
2022-01-17,5.31,5.32,5.34,5.31,107247.65
2022-01-18,5.33,5.35,5.36,5.31,184704.09
2022-01-19,5.34,5.35,5.36,5.32,133751.37
2022-01-20,5.35,5.45,5.6,5.33,737005.15
2022-01-21,5.4,5.38,5.41,5.36,340308.34
2022-01-24,5.37,5.34,5.37,5.32,184972.57
2022-01-25,5.33,5.24,5.34,5.23,259846.22
2022-01-26,5.24,5.24,5.26,5.22,131931.32
2022-01-27,5.23,5.17,5.27,5.17,209672.35
2022-01-28,5.17,5.19,5.21,5.17,126229.16
2022-02-07,5.23,5.25,5.28,5.21,117449.2
2022-02-08,5.25,5.33,5.34,5.24,246112.12
2022-02-09,5.33,5.35,5.35,5.32,244163.64
2022-02-10,5.33,5.35,5.35,5.32,153091.56
2022-02-11,5.34,5.36,5.42,5.33,344898.82
2022-02-14,5.35,5.28,5.35,5.27,208445.0
2022-02-15,5.27,5.27,5.31,5.25,105400.0
2022-02-16,5.28,5.29,5.31,5.27,85997.33
2022-02-17,5.29,5.26,5.29,5.26,97764.41
2022-02-18,5.24,5.28,5.29,5.24,89792.63
2022-02-21,5.28,5.28,5.28,5.26,83907.31
2022-02-22,5.28,5.24,5.28,5.23,142427.0
2022-02-23,5.24,5.25,5.25,5.23,83463.64
2022-02-24,5.25,5.19,5.25,5.17,188538.77
2022-02-25,5.2,5.2,5.22,5.19,88541.06
2022-02-28,5.18,5.19,5.2,5.17,71183.42
2022-03-01,5.2,5.22,5.23,5.19,67588.11
2022-03-02,5.19,5.21,5.22,5.19,53537.97
2022-03-03,5.21,5.22,5.24,5.21,71728.37
2022-03-04,5.23,5.21,5.23,5.2,75997.07
2022-03-07,5.21,5.17,5.21,5.17,112059.65
2022-03-08,5.17,5.1,5.18,5.1,147872.95
2022-03-09,5.1,4.96,5.12,4.86,199711.52
2022-03-10,5.03,4.99,5.03,4.98,81361.16
2022-03-11,4.96,5.1,5.1,4.91,166945.11
2022-03-14,5.06,5.06,5.12,5.04,103525.62
2022-03-15,5.05,4.88,5.05,4.87,163167.82
2022-03-16,4.93,4.96,4.98,4.8,167021.78
2022-03-17,4.99,4.97,5.02,4.96,126144.29
2022-03-18,4.96,5.02,5.07,4.96,133402.78
2022-03-21,5.01,5.02,5.02,4.97,78934.14
2022-03-22,5.0,5.03,5.06,4.99,78728.8
2022-03-23,5.02,5.01,5.03,5.0,62000.0
2022-03-24,5.01,4.99,5.04,4.98,62959.6
2022-03-25,4.99,4.98,5.0,4.97,60742.78
2022-03-28,4.96,4.99,5.03,4.93,72863.14
2022-03-29,5.0,4.98,5.0,4.97,58524.85
2022-03-30,4.97,5.02,5.03,4.97,97542.61
2022-03-31,4.99,5.04,5.09,4.98,170630.95
2022-04-01,5.02,5.19,5.2,5.02,438076.78
2022-04-06,5.16,5.3,5.32,5.14,478982.02
2022-04-07,5.28,5.17,5.31,5.17,292400.65
2022-04-08,5.17,5.2,5.26,5.13,193108.25
2022-04-11,5.18,5.06,5.18,5.05,179476.99
2022-04-12,5.06,5.13,5.16,5.03,144141.38
2022-04-13,5.11,5.09,5.14,5.08,99351.0
2022-04-14,5.11,5.1,5.14,5.09,112449.5
2022-04-15,5.07,5.13,5.16,5.06,152901.14
2022-04-18,5.09,5.01,5.1,4.99,163219.42
2022-04-19,5.01,5.02,5.03,4.99,74343.8
2022-04-20,5.02,4.96,5.03,4.96,100257.0
2022-04-21,4.96,4.88,4.99,4.87,132232.02
2022-04-22,4.86,4.88,4.94,4.85,133847.37
2022-04-25,4.84,4.69,4.85,4.68,238136.56
2022-04-26,4.7,4.58,4.72,4.57,165923.63
2022-04-27,4.54,4.64,4.64,4.49,118786.69
2022-04-28,4.63,4.6,4.67,4.58,72776.0
2022-04-29,4.61,4.69,4.69,4.6,95991.06
2022-05-05,4.77,4.89,4.95,4.75,270001.11
2022-05-06,4.82,4.85,4.92,4.8,135405.37
2022-05-09,4.85,4.92,4.92,4.85,128062.51
2022-05-10,4.89,4.92,4.95,4.87,113549.46
2022-05-11,4.92,4.92,4.97,4.92,95751.0
2022-05-12,4.9,4.96,4.97,4.89,88690.51
2022-05-13,4.96,4.99,5.01,4.95,105108.33
2022-05-16,5.0,4.96,5.0,4.96,108168.64
2022-05-17,4.96,4.96,4.99,4.96,61927.85
2022-05-18,4.96,4.96,4.97,4.94,54056.0
2022-05-19,4.94,4.93,4.94,4.89,79460.18
2022-05-20,4.93,4.97,4.98,4.93,82120.65
2022-05-23,4.96,4.98,4.98,4.94,59808.36
2022-05-24,4.99,4.93,5.0,4.92,99725.98
2022-05-25,4.92,4.94,4.95,4.91,59884.6
2022-05-26,4.94,4.96,4.98,4.92,73605.48
2022-05-27,4.98,4.99,4.99,4.96,94739.0
2022-05-30,5.0,5.06,5.08,4.99,242737.35
2022-05-31,5.06,5.09,5.1,5.03,91021.34
2022-06-01,5.06,5.09,5.1,5.06,77959.82
2022-06-02,5.06,5.09,5.1,5.04,87432.18
2022-06-06,5.09,5.08,5.09,5.06,66272.81
2022-06-07,5.08,5.11,5.15,5.06,134816.09
2022-06-08,5.1,5.13,5.14,5.1,92015.54
2022-06-09,5.12,5.14,5.19,5.11,146271.8
2022-06-10,5.12,5.12,5.18,5.1,339044.2
2022-06-13,5.1,5.07,5.11,5.05,144526.71
2022-06-14,5.05,5.13,5.14,5.05,140709.1
2022-06-15,5.12,5.21,5.28,5.11,432868.92
2022-06-16,5.21,5.15,5.22,5.13,216918.51
2022-06-17,5.14,5.13,5.16,5.1,128962.36
2022-06-20,5.11,5.1,5.14,5.1,82664.0
2022-06-21,5.12,5.1,5.13,5.09,68818.92
2022-06-22,5.1,5.05,5.1,5.04,73810.0
2022-06-23,5.06,5.1,5.1,5.05,63501.05
2022-06-24,5.1,5.12,5.13,5.1,73275.4
2022-06-27,5.13,5.13,5.14,5.12,83847.0
2022-06-28,5.14,5.17,5.17,5.1,142902.59
2022-06-29,5.18,5.18,5.21,5.16,196047.32
2022-06-30,5.17,5.14,5.17,5.12,148749.31
2022-07-01,5.15,5.17,5.18,5.12,101708.83
2022-07-04,5.18,5.17,5.19,5.13,92375.15
2022-07-05,5.17,5.15,5.2,5.13,100816.58
2022-07-06,5.19,5.13,5.19,5.12,88220.91
2022-07-07,5.15,5.14,5.17,5.12,85466.44
2022-07-08,5.16,5.14,5.16,5.13,62235.01
2022-07-11,5.14,5.17,5.17,5.12,75383.51
2022-07-12,5.18,5.17,5.18,5.14,72965.5
2022-07-13,5.17,5.14,5.17,5.14,71182.24
2022-07-14,5.13,5.04,5.14,5.04,159911.0
2022-07-15,5.04,5.02,5.07,5.02,96541.53
2022-07-18,5.03,5.12,5.12,5.03,84404.03
2022-07-19,5.12,5.15,5.16,5.09,77959.05
2022-07-20,5.16,5.17,5.17,5.15,94163.69
2022-07-21,5.18,5.16,5.19,5.15,74130.95
2022-07-22,5.18,5.15,5.18,5.14,52887.0
2022-07-25,5.17,5.16,5.17,5.14,43674.67
2022-07-26,5.15,5.17,5.17,5.14,44254.13
2022-07-27,5.16,5.16,5.17,5.15,36534.0
2022-07-28,5.16,5.14,5.17,5.14,45904.84
2022-07-29,5.14,5.13,5.16,5.12,54245.13
2022-08-01,5.13,5.08,5.14,5.08,75119.67
2022-08-02,5.08,5.0,5.08,4.98,130709.29
2022-08-03,4.99,4.97,5.03,4.96,77621.61
2022-08-04,4.96,4.99,5.01,4.96,66728.91
2022-08-05,5.0,5.02,5.02,4.97,52314.5
2022-08-08,5.01,5.01,5.03,4.99,34438.49
2022-08-09,5.02,4.99,5.02,4.98,41062.46
2022-08-10,4.98,4.99,5.0,4.98,30414.08
2022-08-11,5.0,5.03,5.03,4.99,72917.1
2022-08-12,5.03,5.03,5.03,5.0,58184.6
2022-08-15,5.02,5.02,5.03,4.99,71497.85
2022-08-16,5.02,5.0,5.02,5.0,55672.31
2022-08-17,5.02,5.04,5.04,5.0,85152.55
2022-08-18,5.03,5.02,5.05,5.01,59542.81
2022-08-19,4.68,4.75,4.8,4.68,857862.93
2022-08-22,4.71,4.66,4.71,4.66,508457.81
2022-08-23,4.66,4.62,4.67,4.61,311580.51
2022-08-24,4.62,4.6,4.64,4.6,212665.3
2022-08-25,4.61,4.61,4.62,4.58,170476.21
2022-08-26,4.62,4.6,4.62,4.59,102781.58
2022-08-29,4.58,4.59,4.59,4.57,124209.38
2022-08-30,4.58,4.6,4.6,4.58,108817.52
2022-08-31,4.59,4.6,4.62,4.58,149446.63
2022-09-01,4.6,4.58,4.61,4.58,124819.0
2022-09-02,4.58,4.58,4.59,4.57,83905.59
2022-09-05,4.58,4.58,4.58,4.55,176323.86
2022-09-06,4.58,4.58,4.59,4.58,97803.58
2022-09-07,4.58,4.58,4.58,4.57,88245.56
2022-09-08,4.58,4.57,4.59,4.57,88912.86
2022-09-09,4.57,4.61,4.61,4.56,181116.84
2022-09-13,4.61,4.6,4.62,4.59,181622.86
2022-09-14,4.58,4.59,4.59,4.57,99127.85
2022-09-15,4.6,4.58,4.62,4.57,132662.39
2022-09-16,4.58,4.58,4.58,4.52,311593.87
2022-09-19,4.53,4.53,4.55,4.52,117457.0
2022-09-20,4.53,4.53,4.54,4.52,99930.33
2022-09-21,4.53,4.54,4.55,4.51,91039.09
2022-09-22,4.53,4.53,4.54,4.52,66228.84
2022-09-23,4.53,4.53,4.54,4.52,82230.8
2022-09-26,4.53,4.41,4.53,4.4,161415.85
2022-09-27,4.41,4.42,4.44,4.37,106331.58
2022-09-28,4.41,4.4,4.45,4.38,108726.93
2022-09-29,4.4,4.35,4.43,4.35,101642.0
2022-09-30,4.35,4.35,4.38,4.35,92159.22
2022-10-10,4.35,4.39,4.42,4.33,206591.81
2022-10-11,4.38,4.4,4.41,4.38,78499.0
2022-10-12,4.4,4.42,4.42,4.37,89542.93
2022-10-13,4.41,4.42,4.43,4.4,64155.5
2022-10-14,4.43,4.49,4.49,4.42,149932.33
2022-10-17,4.47,4.53,4.53,4.45,115408.36
2022-10-18,4.53,4.53,4.55,4.5,75279.02
2022-10-19,4.53,4.47,4.53,4.45,71971.0
2022-10-20,4.47,4.46,4.49,4.45,52224.06
2022-10-21,4.47,4.42,4.48,4.41,75695.26
2022-10-24,4.44,4.35,4.44,4.34,187494.0
2022-10-25,4.34,4.35,4.36,4.32,116442.29
2022-10-26,4.35,4.35,4.37,4.33,110866.55
2022-10-27,4.36,4.35,4.37,4.34,100787.16
2022-10-28,4.35,4.3,4.35,4.3,115999.05
2022-10-31,4.3,4.35,4.36,4.3,205442.7
2022-11-01,4.35,4.39,4.39,4.34,181534.89
2022-11-02,4.39,4.4,4.41,4.38,92298.03
2022-11-03,4.4,4.38,4.4,4.37,74381.63
2022-11-04,4.37,4.45,4.46,4.37,161523.94
2022-11-07,4.44,4.43,4.45,4.4,168278.95
2022-11-08,4.43,4.43,4.44,4.4,99922.89
2022-11-09,4.44,4.49,4.5,4.44,190939.73
2022-11-10,4.47,4.49,4.5,4.45,146429.34
2022-11-11,4.52,4.57,4.58,4.51,434744.53
2022-11-14,4.58,4.56,4.61,4.55,286976.96
2022-11-15,4.54,4.62,4.62,4.54,286387.3
2022-11-16,4.63,4.62,4.65,4.62,234253.69
2022-11-17,4.63,4.65,4.65,4.62,258353.64
2022-11-18,4.65,4.62,4.66,4.62,169280.3
2022-11-21,4.62,4.66,4.67,4.58,201438.34
2022-11-22,4.66,4.71,4.76,4.64,347265.47
2022-11-23,4.71,4.69,4.74,4.67,192734.63
2022-11-24,4.71,4.69,4.73,4.68,166044.96
2022-11-25,4.68,4.73,4.75,4.67,226104.2
2022-11-28,4.71,4.71,4.71,4.67,181498.55
2022-11-29,4.71,4.79,4.81,4.7,379567.11
2022-11-30,4.79,4.85,4.85,4.76,589590.23
2022-12-01,4.85,4.78,4.87,4.77,404630.93
2022-12-02,4.79,4.75,4.79,4.74,194033.51
2022-12-05,4.76,4.82,4.82,4.76,188878.44
2022-12-06,4.83,4.83,4.85,4.8,157815.19
2022-12-07,4.81,4.81,4.85,4.81,167269.88
2022-12-08,4.81,4.9,4.96,4.81,448668.09
2022-12-09,4.91,4.93,4.99,4.89,481787.48
2022-12-12,4.9,4.86,4.94,4.85,233666.7
2022-12-13,4.85,4.86,4.9,4.84,108559.8
2022-12-14,4.86,4.89,4.89,4.84,107812.53
2022-12-15,4.9,4.81,4.9,4.8,111307.0
2022-12-16,4.8,4.85,4.87,4.8,102058.04
2022-12-19,4.84,4.81,4.87,4.8,120473.21
2022-12-20,4.8,4.77,4.82,4.75,88719.64
2022-12-21,4.77,4.81,4.82,4.76,79800.84
2022-12-22,4.81,4.77,4.82,4.76,68871.03
2022-12-23,4.76,4.73,4.78,4.72,62285.0
2022-12-26,4.72,4.71,4.76,4.7,61863.66
2022-12-27,4.71,4.73,4.75,4.71,63816.83
2022-12-28,4.72,4.81,4.81,4.71,103516.02
2022-12-29,4.8,4.82,4.83,4.74,102994.1
2022-12-30,4.82,4.82,4.85,4.8,67343.8
2023-01-03,4.84,4.84,4.85,4.79,121221.98
2023-01-04,4.82,4.89,4.89,4.82,138065.73
2023-01-05,4.9,4.89,4.9,4.87,85857.81
2023-01-06,4.9,4.87,4.9,4.86,82293.0
2023-01-09,4.87,4.88,4.9,4.85,81004.0
2023-01-10,4.87,4.85,4.89,4.84,79949.0
2023-01-11,4.85,4.85,4.88,4.84,64372.0
2023-01-12,4.85,4.85,4.85,4.83,63299.5
2023-01-13,4.86,4.86,4.87,4.84,45994.56
2023-01-16,4.86,4.86,4.9,4.85,96005.97
2023-01-17,4.86,4.89,4.89,4.85,69913.25
2023-01-18,4.86,4.9,4.92,4.86,102285.0
2023-01-19,4.9,4.88,4.9,4.86,60692.21
2023-01-20,4.88,4.9,4.9,4.86,92141.03
2023-01-30,4.92,4.89,4.94,4.88,153467.52
2023-01-31,4.89,4.85,4.9,4.84,159499.94
2023-02-01,4.85,4.86,4.86,4.84,88939.11
2023-02-02,4.87,4.85,4.87,4.85,81284.67
2023-02-03,4.85,4.85,4.85,4.82,106475.49
2023-02-06,4.83,4.83,4.85,4.81,78624.0
2023-02-07,4.84,4.83,4.84,4.82,59757.59
2023-02-08,4.83,4.79,4.83,4.79,124465.51
2023-02-09,4.79,4.81,4.81,4.79,60114.0
2023-02-10,4.81,4.81,4.81,4.8,51490.0
2023-02-13,4.82,4.81,4.83,4.8,84934.49
2023-02-14,4.81,4.81,4.83,4.81,67266.28
2023-02-15,4.81,4.8,4.82,4.8,88510.0
2023-02-16,4.81,4.75,4.81,4.75,135763.99
2023-02-17,4.76,4.73,4.77,4.73,108696.99
2023-02-20,4.73,4.81,4.81,4.73,134540.0
2023-02-21,4.81,4.82,4.82,4.8,71212.23
2023-02-22,4.82,4.81,4.83,4.81,74844.33
2023-02-23,4.83,4.81,4.83,4.81,118680.05
2023-02-24,4.81,4.81,4.82,4.8,75507.58
2023-02-27,4.81,4.79,4.81,4.78,70554.01
2023-02-28,4.81,4.86,4.86,4.79,136760.09
2023-03-01,4.85,4.85,4.85,4.82,96039.03
2023-03-02,4.85,4.85,4.85,4.83,78317.73
2023-03-03,4.85,4.87,4.88,4.84,121165.43
2023-03-06,4.87,4.84,4.88,4.83,101082.5
2023-03-07,4.83,4.87,4.9,4.83,287294.34
2023-03-08,4.86,4.85,4.87,4.84,96119.54
2023-03-09,4.85,4.85,4.87,4.85,64281.5
2023-03-10,4.84,4.81,4.85,4.81,82302.56
2023-03-13,4.8,4.81,4.81,4.78,63662.73
2023-03-14,4.81,4.77,4.81,4.76,69827.89
2023-03-15,4.8,4.79,4.81,4.78,54936.0
2023-03-16,4.78,4.79,4.81,4.77,61464.34
2023-03-17,4.8,4.81,4.82,4.78,108001.87
2023-03-20,4.82,4.8,4.84,4.79,87717.34
2023-03-21,4.8,4.77,4.81,4.76,96872.34
2023-03-22,4.79,4.79,4.8,4.77,53311.11
2023-03-23,4.8,4.81,4.82,4.76,102984.29
2023-03-24,4.81,4.8,4.81,4.79,55420.45
2023-03-27,4.8,4.77,4.8,4.76,66105.55
2023-03-28,4.76,4.75,4.78,4.74,87127.5
2023-03-29,4.76,4.72,4.76,4.72,71559.91
2023-03-30,4.73,4.73,4.75,4.71,67113.17
2023-03-31,4.73,4.72,4.76,4.72,60576.41
2023-04-03,4.72,4.75,4.76,4.72,59825.44
2023-04-04,4.75,4.76,4.76,4.74,64232.73
2023-04-06,4.74,4.76,4.77,4.73,49631.0
2023-04-07,4.76,4.76,4.77,4.75,54593.84
2023-04-10,4.76,4.76,4.76,4.74,88055.0
2023-04-11,4.75,4.74,4.76,4.73,69838.37
2023-04-12,4.75,4.76,4.76,4.74,77500.92
2023-04-13,4.76,4.78,4.78,4.74,90504.56
2023-04-14,4.79,4.76,4.79,4.76,50593.07
2023-04-17,4.76,4.81,4.81,4.75,112364.7
2023-04-18,4.81,4.81,4.84,4.8,145406.13
2023-04-19,4.82,4.84,4.86,4.81,152264.14
2023-04-20,4.84,4.83,4.85,4.8,87380.05
2023-04-21,4.83,4.78,4.85,4.77,103637.0
2023-04-24,4.77,4.75,4.8,4.75,105819.16
2023-04-25,4.76,4.78,4.81,4.75,119657.94
2023-04-26,4.79,4.79,4.8,4.74,93353.0
2023-04-27,4.8,4.82,4.83,4.78,109784.06
2023-04-28,4.84,4.85,4.85,4.81,159320.26
2023-05-04,4.85,4.96,4.97,4.81,496777.58
2023-05-05,4.97,5.04,5.13,4.97,601317.57
2023-05-08,5.06,5.17,5.24,5.04,784215.77
2023-05-09,5.2,5.17,5.23,5.14,618550.93
2023-05-10,5.15,5.02,5.16,5.0,383366.09
2023-05-11,5.05,5.1,5.12,5.02,223944.81
2023-05-12,5.11,5.09,5.15,5.05,173804.15
2023-05-15,5.11,5.1,5.12,5.02,154344.56
2023-05-16,5.12,5.09,5.16,5.08,140290.8
2023-05-17,5.09,5.08,5.11,5.03,102465.61
2023-05-18,5.08,5.1,5.13,5.08,129027.51
2023-05-19,5.1,5.03,5.1,5.02,119894.04
2023-05-22,5.02,5.0,5.04,5.0,84469.17
2023-05-23,5.01,4.96,5.03,4.95,128273.65
2023-05-24,4.96,4.88,4.96,4.88,172284.0
2023-05-25,4.88,4.87,4.9,4.84,135711.0
2023-05-26,4.86,4.83,4.88,4.81,186424.21
2023-05-29,4.84,4.84,4.86,4.81,120810.19
2023-05-30,4.83,4.81,4.85,4.78,114735.0
2023-05-31,4.81,4.84,4.84,4.8,138694.88
2023-06-01,4.82,4.78,4.82,4.77,147275.36
2023-06-02,4.78,4.8,4.8,4.76,174757.16
2023-06-05,4.8,4.81,4.83,4.78,102077.43
2023-06-06,4.81,4.79,4.83,4.78,90681.0
2023-06-07,4.78,4.82,4.84,4.78,79944.0
2023-06-08,4.81,4.87,4.87,4.8,112067.08
2023-06-09,4.87,4.84,4.89,4.84,97141.14
2023-06-12,4.84,4.8,4.85,4.8,86269.51
2023-06-13,4.79,4.8,4.82,4.79,53442.0
2023-06-14,4.8,4.78,4.81,4.77,100782.0
2023-06-15,4.78,4.79,4.8,4.76,93316.74
2023-06-16,4.79,4.77,4.79,4.76,136695.19
2023-06-19,4.76,4.73,4.77,4.73,116830.0
2023-06-20,4.75,4.74,4.75,4.73,94086.31
2023-06-21,4.75,4.75,4.76,4.74,87094.4
2023-06-26,4.75,4.75,4.77,4.74,96539.32
2023-06-27,4.74,4.79,4.8,4.74,126948.84
2023-06-28,4.81,4.75,4.81,4.74,163093.54
2023-06-29,4.76,4.72,4.76,4.71,93114.43
2023-06-30,4.73,4.74,4.75,4.72,61962.99
2023-07-03,4.75,4.78,4.79,4.74,89987.41
2023-07-04,4.78,4.76,4.78,4.75,56860.26
2023-07-05,4.76,4.76,4.77,4.74,40371.0
2023-07-06,4.76,4.73,4.76,4.73,73016.02
2023-07-07,4.73,4.75,4.77,4.73,59455.04
2023-07-10,4.76,4.75,4.78,4.74,35532.36
2023-07-11,4.77,4.77,4.78,4.74,51856.69
2023-07-12,4.77,4.8,4.81,4.76,110793.0
2023-07-13,4.79,4.81,4.82,4.78,82442.69
2023-07-14,4.82,4.83,4.85,4.81,77559.67
2023-07-17,4.82,4.82,4.82,4.8,39882.9
2023-07-18,4.83,4.82,4.83,4.81,46353.0
2023-07-19,4.84,4.86,4.86,4.82,77651.59
2023-07-20,4.86,4.84,4.87,4.83,53838.29
2023-07-21,4.83,4.85,4.86,4.82,46832.24
2023-07-24,4.85,4.93,4.93,4.83,191048.32
2023-07-25,4.95,4.96,4.96,4.92,137350.52
2023-07-26,4.96,4.98,4.99,4.95,89560.97
2023-07-27,4.98,4.99,5.03,4.95,123362.0
2023-07-28,4.99,5.09,5.1,4.98,305445.35
2023-07-31,5.12,5.13,5.14,5.08,307718.39
2023-08-01,5.13,5.12,5.15,5.09,153114.58
2023-08-02,5.1,5.07,5.13,5.05,208605.87
2023-08-03,5.07,5.13,5.13,5.06,178901.8
2023-08-04,5.13,5.19,5.2,5.13,324541.75
2023-08-07,5.14,5.1,5.16,5.08,189208.59
2023-08-08,5.1,5.11,5.12,5.08,109767.95
2023-08-09,5.08,5.09,5.12,5.07,107732.51
2023-08-10,5.08,5.16,5.18,5.08,189108.8
2023-08-11,5.18,5.08,5.18,5.08,119816.89
2023-08-14,5.06,5.01,5.07,5.0,151965.34
2023-08-15,5.02,5.07,5.08,5.02,101380.68
2023-08-16,5.06,5.13,5.15,5.03,174525.16
2023-08-17,5.13,5.06,5.13,5.03,140034.0
2023-08-18,5.06,5.06,5.11,5.05,79902.25
2023-08-21,5.08,5.02,5.08,5.02,98439.1
2023-08-22,5.02,5.03,5.06,4.99,145683.02
2023-08-23,5.02,5.03,5.07,5.01,112116.77
2023-08-24,5.07,5.09,5.2,5.05,339595.48
2023-08-25,5.08,5.11,5.13,5.07,185052.16
2023-08-28,5.32,5.19,5.33,5.15,420164.44
2023-08-29,5.19,5.11,5.19,5.07,298422.0
2023-08-30,5.11,5.07,5.11,5.05,208300.23
2023-08-31,5.08,5.07,5.11,5.07,118849.93
2023-09-01,5.07,5.1,5.12,5.07,121317.25
2023-09-04,5.11,5.14,5.17,5.07,172931.43
2023-09-05,5.13,5.11,5.15,5.1,75338.16
2023-09-06,5.11,5.13,5.15,5.1,125801.0
2023-09-07,5.14,5.14,5.18,5.12,167818.5
2023-09-08,5.14,5.13,5.14,5.11,71735.0
2023-09-11,5.14,5.18,5.2,5.13,169081.83
2023-09-12,5.19,5.2,5.21,5.16,146126.45
2023-09-13,5.22,5.2,5.25,5.2,136865.0
2023-09-14,5.22,5.27,5.27,5.2,345849.8
2023-09-15,5.26,5.27,5.28,5.23,170893.86
2023-09-18,5.24,5.26,5.27,5.2,165471.0
2023-09-19,5.26,5.3,5.31,5.23,257289.75
2023-09-20,5.32,5.31,5.32,5.28,165365.36
2023-09-21,5.31,5.27,5.31,5.27,164107.51
2023-09-22,5.29,5.3,5.31,5.25,153608.05
2023-09-25,5.3,5.34,5.35,5.29,216205.51
2023-09-26,5.34,5.32,5.35,5.31,90081.06
2023-09-27,5.34,5.27,5.34,5.26,210995.02
2023-09-28,5.27,5.26,5.29,5.26,129729.01
2023-10-09,5.24,5.24,5.25,5.2,119181.47
2023-10-10,5.22,5.27,5.27,5.22,140075.67
2023-10-11,5.26,5.22,5.27,5.2,106378.18
2023-10-12,5.25,5.28,5.3,5.25,118980.94
2023-10-13,5.27,5.29,5.31,5.24,105312.01
2023-10-16,5.3,5.3,5.33,5.26,126036.22
2023-10-17,5.28,5.33,5.33,5.28,108248.22
2023-10-18,5.33,5.28,5.34,5.27,108349.78
2023-10-19,5.27,5.22,5.28,5.2,160257.85
2023-10-20,5.23,5.22,5.27,5.2,110861.59
2023-10-23,5.2,5.2,5.26,5.17,128172.0
2023-10-24,5.22,5.15,5.24,5.12,203898.0
2023-10-25,5.16,5.19,5.21,5.11,119248.0
2023-10-26,5.16,5.23,5.24,5.16,87593.8
2023-10-27,5.2,5.22,5.27,5.2,101528.94
2023-10-30,5.2,5.19,5.24,5.07,407669.87
2023-10-31,5.19,5.19,5.21,5.13,169356.09
2023-11-01,5.2,5.13,5.21,5.13,157769.34
2023-11-02,5.13,5.14,5.16,5.11,189286.53
2023-11-03,5.13,5.06,5.15,5.06,254858.46
2023-11-06,5.07,5.06,5.07,5.02,235061.77
2023-11-07,5.03,5.05,5.07,5.03,96951.0
2023-11-08,5.05,5.02,5.05,5.0,152201.0
2023-11-09,5.01,5.03,5.05,5.0,133387.38
2023-11-10,5.02,5.03,5.04,5.01,78190.0
2023-11-13,5.01,5.04,5.04,5.0,71766.0
2023-11-14,5.04,5.0,5.05,5.0,138539.69
2023-11-15,5.01,5.02,5.03,5.0,68941.13
2023-11-16,5.01,5.02,5.04,5.0,106376.37
2023-11-17,5.01,5.0,5.02,4.98,115888.59
2023-11-20,5.0,5.0,5.02,4.98,142813.0
2023-11-21,5.0,5.01,5.03,5.0,122689.04
2023-11-22,5.01,5.0,5.02,5.0,95088.78
2023-11-23,5.0,5.01,5.02,4.98,65119.59
2023-11-24,5.01,5.01,5.03,5.0,59645.0
2023-11-27,5.02,4.98,5.02,4.97,127555.0
2023-11-28,4.98,4.93,5.0,4.93,153672.56
2023-11-29,4.93,4.92,4.94,4.9,157654.36
2023-11-30,4.93,4.99,4.99,4.92,177940.95
2023-12-01,4.98,4.95,4.99,4.93,99083.0
2023-12-04,4.95,4.96,4.98,4.93,78415.44
2023-12-05,4.94,4.91,4.96,4.91,71370.0
2023-12-06,4.9,4.89,4.93,4.86,89317.81
2023-12-07,4.89,4.89,4.92,4.86,76031.0
2023-12-08,4.89,4.9,4.91,4.87,81770.46
2023-12-11,4.89,4.92,4.92,4.84,98473.0
2023-12-12,4.91,4.95,4.95,4.88,96158.08
2023-12-13,4.95,4.94,4.97,4.93,105903.53
2023-12-14,4.94,4.95,4.97,4.93,67770.0
2023-12-15,4.95,4.92,4.97,4.92,107681.4
2023-12-18,4.91,4.93,4.96,4.88,88072.63
2023-12-19,4.93,4.93,4.93,4.9,56700.37
2023-12-20,4.93,4.95,4.97,4.92,146268.02
2023-12-21,4.95,4.9,4.95,4.88,139175.33
2023-12-22,4.91,4.91,4.94,4.89,101572.23
2023-12-25,4.9,4.92,4.93,4.88,82858.45
2023-12-26,4.9,4.94,4.95,4.9,121212.27
2023-12-27,4.93,5.0,5.0,4.93,213948.19
2023-12-28,5.0,4.98,5.02,4.95,218918.01
2023-12-29,4.98,5.0,5.0,4.96,143035.12
2024-01-02,5.0,5.02,5.04,4.98,144229.57
2024-01-03,5.02,5.07,5.07,5.01,157444.2
2024-01-04,5.07,5.11,5.13,5.05,227121.91
2024-01-05,5.11,5.2,5.2,5.08,426526.99
2024-01-08,5.19,5.21,5.23,5.16,294874.27
2024-01-09,5.2,5.26,5.27,5.17,264778.09
2024-01-10,5.27,5.27,5.28,5.23,239607.62
2024-01-11,5.27,5.4,5.41,5.23,662540.44
2024-01-12,5.4,5.49,5.53,5.38,571100.5
2024-01-15,5.48,5.57,5.57,5.47,438241.71
2024-01-16,5.57,5.79,5.83,5.55,955667.46
2024-01-17,5.79,5.57,5.8,5.56,817231.21
2024-01-18,5.49,5.5,5.54,5.36,700435.31
2024-01-19,5.52,5.48,5.53,5.41,365522.57
2024-01-22,5.48,5.34,5.51,5.31,370530.87
2024-01-23,5.36,5.4,5.44,5.33,371169.68
2024-01-24,5.45,5.45,5.47,5.37,296226.85
2024-01-25,5.45,5.5,5.55,5.43,344794.89
2024-01-26,5.48,5.56,5.65,5.47,434359.63
2024-01-29,5.59,5.66,5.77,5.56,547059.3
2024-01-30,5.63,5.55,5.66,5.54,366505.51
2024-01-31,5.51,5.5,5.57,5.46,256890.9
2024-02-01,5.48,5.47,5.57,5.42,259932.65
2024-02-02,5.47,5.4,5.5,5.28,358070.62
2024-02-05,5.37,5.33,5.46,5.27,427822.99
2024-02-06,5.35,5.43,5.47,5.3,421123.11
2024-02-07,5.44,5.27,5.45,5.18,909964.94
2024-02-08,5.26,5.31,5.32,5.16,653387.07
2024-02-19,5.32,5.55,5.55,5.29,622096.37
2024-02-20,5.54,5.54,5.56,5.47,313939.98
2024-02-21,5.53,5.61,5.75,5.5,469088.07
2024-02-22,5.59,5.65,5.66,5.58,262963.53
2024-02-23,5.66,5.67,5.74,5.64,236466.54
2024-02-26,5.64,5.55,5.66,5.53,259892.53
2024-02-27,5.53,5.54,5.6,5.5,246464.51
2024-02-28,5.52,5.47,5.57,5.45,286120.55
2024-02-29,5.47,5.61,5.62,5.45,328063.1
2024-03-01,5.6,5.56,5.6,5.52,240714.79
2024-03-04,5.54,5.52,5.54,5.47,189306.81
2024-03-05,5.5,5.58,5.59,5.48,239421.46
2024-03-06,5.58,5.54,5.6,5.53,195893.53
2024-03-07,5.55,5.6,5.63,5.51,240170.0
2024-03-08,5.59,5.61,5.63,5.58,218952.36
2024-03-11,5.59,5.54,5.61,5.48,260691.11
2024-03-12,5.54,5.52,5.55,5.49,200362.44
2024-03-13,5.52,5.44,5.53,5.42,266665.0
2024-03-14,5.44,5.5,5.52,5.42,190880.95
2024-03-15,5.5,5.54,5.54,5.45,209409.79
2024-03-18,5.49,5.54,5.54,5.48,141334.24
2024-03-19,5.51,5.52,5.54,5.5,133340.6
2024-03-20,5.51,5.6,5.6,5.48,252186.55
2024-03-21,5.59,5.78,5.79,5.59,568213.97
2024-03-22,5.76,5.79,5.8,5.68,304096.68
2024-03-25,5.77,5.74,5.84,5.73,242744.81
2024-03-26,5.74,5.84,5.85,5.74,304025.82
2024-03-27,5.86,5.81,5.87,5.8,332825.64
2024-03-28,5.83,5.75,5.84,5.71,313775.51
2024-03-29,5.74,5.89,5.9,5.72,367494.65
2024-04-01,5.91,6.03,6.03,5.91,329611.65
2024-04-02,6.02,6.04,6.07,5.99,265770.11
2024-04-03,6.03,6.0,6.07,5.95,204637.0
2024-04-08,6.0,5.97,6.03,5.94,174892.95
2024-04-09,5.96,6.01,6.04,5.94,196753.98
2024-04-10,6.01,6.0,6.07,5.97,157308.56
2024-04-11,5.98,6.01,6.05,5.94,142131.58
2024-04-12,6.02,5.96,6.06,5.96,142290.72
2024-04-15,5.99,6.02,6.1,5.94,258459.33
2024-04-16,6.0,6.0,6.07,5.95,250919.65
2024-04-17,6.0,6.14,6.14,5.98,282269.49
2024-04-18,6.14,6.13,6.21,6.12,338436.36
2024-04-19,6.13,6.06,6.15,6.04,224638.58
2024-04-22,6.09,6.0,6.13,6.0,212667.55
2024-04-23,6.01,6.0,6.08,5.94,185444.53
2024-04-24,6.0,6.07,6.08,5.97,179751.17
2024-04-25,6.06,6.15,6.18,6.05,197758.45
2024-04-26,6.07,5.75,6.07,5.61,808154.34
2024-04-29,5.72,5.87,5.89,5.67,475961.0
2024-04-30,5.87,5.88,5.96,5.82,220980.0
2024-05-06,5.95,6.01,6.04,5.87,272704.73
2024-05-07,6.02,6.12,6.13,5.94,328658.84
2024-05-08,6.12,6.23,6.27,6.08,463217.1
2024-05-09,6.21,6.34,6.35,6.2,298072.67
2024-05-10,6.34,6.53,6.6,6.31,435038.25
2024-05-13,6.48,6.57,6.58,6.46,271592.03
2024-05-14,6.57,6.66,6.69,6.53,220391.77
2024-05-15,6.66,6.61,6.67,6.56,143553.83
2024-05-16,6.58,6.64,6.69,6.56,205388.07
2024-05-17,6.68,6.74,6.74,6.6,196881.24
2024-05-20,6.68,6.57,6.79,6.5,267354.57
2024-05-21,6.57,6.83,6.86,6.55,344325.19
2024-05-22,6.83,6.92,7.01,6.78,315877.86
2024-05-23,6.88,6.97,7.0,6.86,212221.98
2024-05-24,6.96,6.96,7.09,6.93,222394.88
2024-05-27,6.96,7.14,7.15,6.93,321847.91
2024-05-28,7.14,7.08,7.18,7.02,217711.1
2024-05-29,7.06,7.03,7.1,6.96,168508.0
2024-05-30,7.01,6.92,7.12,6.87,339814.18
2024-05-31,6.94,6.88,6.95,6.81,265263.63
2024-06-03,6.7,6.37,6.7,6.19,1610598.29
2024-06-04,6.35,6.4,6.53,6.27,773296.73
2024-06-05,6.39,6.19,6.41,6.17,583059.22
2024-06-06,6.21,6.21,6.26,6.1,461304.09
2024-06-07,6.21,6.22,6.25,6.15,297636.84
2024-06-11,6.19,6.09,6.21,6.05,363206.08
2024-06-12,6.04,6.14,6.15,5.91,517358.0
2024-06-13,6.14,6.0,6.16,6.0,293540.51
2024-06-14,6.0,6.03,6.11,5.97,309758.01
2024-06-17,6.03,5.9,6.03,5.87,283712.0
2024-06-18,5.87,5.96,5.99,5.85,210912.25
2024-06-19,5.93,6.05,6.07,5.93,236466.92
2024-06-20,6.03,5.96,6.07,5.94,172370.0
2024-06-21,5.97,5.95,5.99,5.88,185065.09
2024-06-24,5.94,5.91,6.01,5.89,225266.0
2024-06-25,5.91,5.95,6.0,5.91,268969.69
2024-06-26,5.94,5.93,5.98,5.89,321421.28
2024-06-27,5.93,6.2,6.23,5.9,578039.42
2024-06-28,6.18,6.19,6.31,6.17,306831.46
2024-07-01,6.17,6.43,6.45,6.17,352840.66
2024-07-02,6.4,6.56,6.6,6.4,304710.03
2024-07-03,6.54,6.47,6.6,6.42,230053.0
2024-07-04,6.47,6.39,6.49,6.36,244249.68
2024-07-05,6.4,6.29,6.43,6.23,202636.0
2024-07-08,6.26,6.37,6.43,6.25,253054.05
2024-07-09,6.37,6.45,6.47,6.29,173302.65
2024-07-10,6.43,6.38,6.51,6.29,171266.3
2024-07-11,6.4,6.29,6.41,6.25,184675.24
2024-07-12,6.28,6.4,6.41,6.27,178893.97
2024-07-15,6.42,6.38,6.43,6.34,191370.28
2024-07-16,6.39,6.29,6.47,6.28,156465.81
2024-07-17,6.32,6.34,6.38,6.27,160923.49
2024-07-18,6.31,6.32,6.35,6.2,246445.5
2024-07-19,6.29,6.29,6.32,6.2,172942.41
2024-07-22,6.29,6.13,6.29,6.09,201596.0
2024-07-23,6.11,6.21,6.33,6.11,261065.49
2024-07-24,6.2,6.25,6.29,6.16,145157.17
2024-07-25,6.25,6.16,6.28,6.11,144360.41
2024-07-26,6.14,6.05,6.16,6.0,198133.39
2024-07-29,6.05,6.15,6.19,6.01,156458.25
2024-07-30,6.15,6.11,6.17,6.06,99255.68
2024-07-31,6.09,6.14,6.19,6.09,150408.21
2024-08-01,6.15,6.07,6.19,6.07,200438.68
2024-08-02,6.06,6.04,6.11,5.99,156560.11
2024-08-05,6.04,5.97,6.09,5.94,213820.14
2024-08-06,6.01,5.96,6.04,5.88,170795.02
2024-08-07,5.93,5.95,6.05,5.92,132612.11
2024-08-08,5.97,5.93,5.97,5.9,77929.0
2024-08-09,5.93,5.93,5.97,5.92,78404.0
2024-08-12,5.94,5.86,5.94,5.84,107093.98
2024-08-13,5.87,5.84,5.91,5.78,158012.98
2024-08-14,5.84,5.79,5.86,5.77,140277.5
2024-08-15,5.81,5.95,5.98,5.76,183341.0
2024-08-16,5.95,6.03,6.13,5.93,269364.38
2024-08-19,6.07,6.41,6.43,6.06,574908.54
2024-08-20,6.41,6.41,6.46,6.36,286918.3
2024-08-21,6.41,6.41,6.45,6.23,265785.44
2024-08-22,6.35,6.61,6.66,6.34,420706.0
2024-08-23,6.6,6.64,6.68,6.55,259819.64
2024-08-26,6.65,6.63,6.66,6.53,208347.0
2024-08-27,6.63,6.55,6.67,6.51,204231.0
2024-08-28,6.55,6.61,6.64,6.52,176250.89
2024-08-29,6.58,6.35,6.61,6.32,339453.57
2024-08-30,6.36,6.08,6.4,6.07,496958.23
2024-09-02,6.12,6.21,6.34,6.07,417973.0
2024-09-03,6.18,6.23,6.32,6.16,269497.89
2024-09-04,6.21,6.2,6.25,6.15,141910.0
2024-09-05,6.16,6.11,6.19,6.07,197565.0
2024-09-06,6.11,6.07,6.17,6.07,136627.0
2024-09-09,6.09,6.04,6.11,5.97,145841.0
2024-09-10,6.05,6.23,6.24,6.03,220805.0
2024-09-11,6.19,6.04,6.22,6.02,176223.58
2024-09-12,6.05,6.13,6.18,5.97,219776.17
2024-09-13,6.16,6.06,6.17,6.05,149028.09
2024-09-18,6.04,6.09,6.14,6.0,116537.88
2024-09-19,6.11,6.16,6.18,6.0,210200.32
2024-09-20,6.14,6.32,6.34,6.14,255762.0
2024-09-23,6.32,6.4,6.44,6.31,252616.88
2024-09-24,6.42,6.51,6.52,6.35,364091.51
2024-09-25,6.63,6.56,6.69,6.47,378762.64
2024-09-26,6.56,6.77,6.77,6.53,312656.27
2024-09-27,6.83,6.77,6.94,6.68,197906.97
2024-09-30,6.84,7.09,7.15,6.73,808308.31
2024-10-08,7.78,7.27,7.78,6.97,774607.17
2024-10-09,7.15,7.03,7.39,7.01,529890.33
2024-10-10,7.06,7.24,7.38,7.05,477059.31
2024-10-11,7.22,7.33,7.49,7.16,432173.94
2024-10-14,7.47,7.74,7.86,7.38,826083.17
2024-10-15,7.71,7.72,8.09,7.64,572111.6
2024-10-16,7.69,7.83,7.92,7.56,436995.67
2024-10-17,7.81,7.68,7.88,7.66,400408.57
2024-10-18,7.67,7.64,7.74,7.49,461336.76
2024-10-21,7.68,7.74,7.77,7.41,472515.99
2024-10-22,7.71,7.58,7.81,7.56,310663.96
2024-10-23,7.58,7.62,7.73,7.55,297576.44
2024-10-24,7.61,7.57,7.66,7.53,190176.62
2024-10-25,7.58,7.54,7.62,7.45,224928.94
2024-10-28,7.49,7.39,7.52,7.35,385408.91
2024-10-29,7.39,7.54,7.57,7.36,427422.99
2024-10-30,7.54,7.41,7.62,7.39,243115.12
2024-10-31,7.44,7.39,7.44,7.3,220323.99
2024-11-01,7.38,7.45,7.57,7.36,241832.63
2024-11-04,7.45,7.46,7.5,7.36,291911.66
2024-11-05,7.44,7.49,7.51,7.35,407873.0
2024-11-06,7.47,7.58,7.6,7.45,325909.2
2024-11-07,7.56,7.78,7.78,7.52,369963.78
2024-11-08,7.79,7.57,7.81,7.55,376590.94
2024-11-11,7.52,7.43,7.54,7.38,306546.17
2024-11-12,7.41,7.38,7.51,7.36,233540.16
2024-11-13,7.36,7.51,7.53,7.35,257225.88
2024-11-14,7.53,7.45,7.57,7.43,222398.59
2024-11-15,7.42,7.5,7.6,7.39,276719.95
2024-11-18,7.54,7.65,7.79,7.51,558112.6
2024-11-19,7.65,7.64,7.73,7.54,285354.39
2024-11-20,7.6,7.74,7.75,7.59,239378.39
2024-11-21,7.69,7.72,7.77,7.63,199340.06
2024-11-22,7.73,7.55,7.84,7.54,282559.0
2024-11-25,7.59,7.68,7.78,7.56,366415.04
2024-11-26,7.66,7.64,7.71,7.57,250008.25
2024-11-27,7.63,7.74,7.75,7.6,218207.35
2024-11-28,7.73,7.84,7.87,7.69,278069.53
2024-11-29,7.83,7.94,8.07,7.83,355458.96
2024-12-02,7.78,7.45,7.78,7.35,1239429.08
2024-12-03,7.44,7.61,7.64,7.42,613445.28
2024-12-04,7.62,7.59,7.65,7.54,376209.36
2024-12-05,7.59,7.72,7.74,7.56,320219.02
2024-12-06,7.7,7.75,7.77,7.65,321974.51
2024-12-09,7.73,7.7,7.74,7.59,336053.0
2024-12-10,7.78,7.77,7.81,7.64,408798.19
2024-12-11,7.72,7.76,7.79,7.67,372583.42
2024-12-12,7.75,7.85,7.95,7.73,724506.51
2024-12-13,7.82,7.57,7.96,7.57,1189261.57
2024-12-16,7.61,7.85,7.87,7.57,731356.0
2024-12-17,7.88,7.88,7.99,7.84,409771.68
2024-12-18,7.94,8.08,8.11,7.9,535199.26
2024-12-19,8.02,7.96,8.13,7.87,332820.43
2024-12-20,7.97,7.88,8.04,7.84,234264.72
2024-12-23,7.89,7.92,8.0,7.87,294265.5
2024-12-24,7.92,8.04,8.06,7.84,261877.97
2024-12-25,8.03,8.09,8.2,8.0,316840.0
2024-12-26,8.1,8.09,8.1,7.96,214502.14
2024-12-27,8.06,8.11,8.13,7.91,236917.79
2024-12-30,8.1,8.2,8.23,8.01,278344.08
2024-12-31,8.19,8.12,8.29,8.12,320951.0
2025-01-02,8.12,7.92,8.18,7.86,473365.0
2025-01-03,7.97,7.74,7.98,7.73,329399.0
2025-01-06,7.71,7.89,7.92,7.55,347419.0
2025-01-07,7.83,7.89,7.9,7.76,164220.47
2025-01-08,7.89,7.96,7.97,7.82,194134.0
2025-01-09,7.96,7.86,7.96,7.81,158298.91
2025-01-10,7.84,7.8,7.9,7.73,165614.68
2025-01-13,7.75,7.67,7.77,7.56,267502.4
2025-01-14,7.67,7.77,7.81,7.66,162856.0
2025-01-15,7.75,7.82,7.9,7.74,182148.96
2025-01-16,7.92,7.87,7.92,7.76,150431.0
2025-01-17,7.85,7.79,7.88,7.78,126051.43
2025-01-20,7.8,7.74,7.82,7.7,174243.4
2025-01-21,7.75,7.7,7.77,7.68,145102.49
2025-01-22,7.68,7.57,7.72,7.56,156910.38
2025-01-23,7.61,7.78,7.84,7.61,284038.56
2025-01-24,7.79,7.83,7.85,7.67,157130.92
2025-01-27,7.82,7.97,8.06,7.82,217254.88
2025-02-05,7.97,7.8,7.99,7.79,150792.03
2025-02-06,7.8,7.82,7.88,7.72,216064.46
2025-02-07,7.79,7.7,7.83,7.67,416737.75
2025-02-10,7.72,7.69,7.73,7.67,207542.82
2025-02-11,7.68,7.79,7.84,7.68,272141.14
2025-02-12,7.78,7.82,7.83,7.71,179181.37
2025-02-13,7.79,7.72,7.86,7.72,182299.36
2025-02-14,7.75,7.71,7.76,7.66,201914.14
2025-02-17,7.7,7.69,7.72,7.64,186955.65
2025-02-18,7.69,7.7,7.78,7.67,244963.46
2025-02-19,7.69,7.68,7.74,7.65,211453.0
2025-02-20,7.67,7.78,7.8,7.66,307710.49
2025-02-21,7.8,7.67,7.8,7.64,315044.67
2025-02-24,7.65,7.65,7.7,7.64,148219.86
2025-02-25,7.64,7.56,7.66,7.56,210020.46
2025-02-26,7.59,7.57,7.67,7.56,183012.07
2025-02-27,7.58,7.63,7.65,7.52,189056.36
2025-02-28,7.63,7.61,7.69,7.6,172437.0
2025-03-03,7.61,7.61,7.65,7.56,155353.98
2025-03-04,7.6,7.65,7.7,7.58,119987.73
2025-03-05,7.65,7.81,7.86,7.64,309392.7
2025-03-06,7.81,7.74,7.84,7.72,153504.48
2025-03-07,7.74,7.68,7.79,7.68,142534.91
2025-03-10,7.69,7.64,7.7,7.63,98296.97
2025-03-11,7.63,7.77,7.77,7.61,154511.01
2025-03-12,7.76,7.73,7.76,7.66,143673.62
2025-03-13,7.73,7.7,7.76,7.67,176327.52
2025-03-14,7.68,7.66,7.74,7.65,255380.06
2025-03-17,7.67,7.69,7.71,7.65,146307.09
2025-03-18,7.68,7.65,7.69,7.63,166087.0
2025-03-19,7.64,7.74,7.75,7.62,269193.21
2025-03-20,7.72,7.76,7.77,7.69,187767.4
2025-03-21,7.76,7.67,7.79,7.67,189018.93
2025-03-24,7.67,7.69,7.73,7.64,152098.91
2025-03-25,7.67,7.78,7.78,7.66,219409.03
2025-03-26,7.75,7.78,7.79,7.72,106711.0
2025-03-27,7.77,7.85,7.95,7.75,212612.42
2025-03-28,7.87,7.89,7.9,7.82,118905.0
2025-03-31,7.87,7.96,8.02,7.87,185312.29
2025-04-01,7.96,8.06,8.08,7.87,221210.0
2025-04-02,8.06,8.19,8.23,8.06,237793.0
2025-04-03,8.18,8.21,8.23,8.04,204874.7
2025-04-07,7.99,7.95,8.09,7.73,399507.65
2025-04-08,7.93,8.01,8.06,7.86,298617.31
2025-04-09,8.0,7.94,8.0,7.86,239168.53
2025-04-10,7.98,7.95,8.02,7.92,136141.95
2025-04-11,7.92,7.92,8.01,7.82,177544.72
2025-04-14,7.89,7.99,8.02,7.79,164578.61
2025-04-15,8.0,8.08,8.12,7.98,143370.93
2025-04-16,8.11,8.17,8.2,8.06,177713.26
2025-04-17,8.17,8.24,8.24,8.07,194412.52
2025-04-18,8.23,8.31,8.38,8.19,147571.39
2025-04-21,8.31,8.15,8.4,8.15,167783.86
2025-04-22,8.19,8.07,8.2,8.02,279246.41
2025-04-23,8.08,7.95,8.09,7.94,319062.04
2025-04-24,7.97,8.05,8.11,7.94,356553.05
2025-04-25,8.05,8.24,8.25,8.01,343063.13
2025-04-28,8.24,8.39,8.4,8.2,327328.16
2025-04-29,8.37,8.36,8.4,8.28,177289.0
2025-04-30,8.36,8.01,8.4,8.01,389301.0
2025-05-06,8.06,8.0,8.08,7.95,220102.5
2025-05-07,8.02,8.06,8.06,7.97,228519.43
2025-05-08,8.04,8.1,8.13,8.0,193727.45
2025-05-09,8.09,8.26,8.27,8.09,243717.36
2025-05-12,8.22,8.14,8.29,8.09,254780.04
2025-05-13,8.18,8.24,8.28,8.07,247244.72
2025-05-14,8.21,8.33,8.37,8.18,285112.06
2025-05-15,8.27,8.3,8.39,8.26,181416.25
2025-05-16,8.31,8.19,8.32,8.16,173126.0
2025-05-19,8.21,8.19,8.37,8.19,207132.86
2025-05-20,8.22,8.39,8.4,8.22,339586.86
2025-05-21,8.35,8.4,8.42,8.34,226448.92
2025-05-22,8.4,8.64,8.68,8.35,351158.56
2025-05-23,8.63,8.62,8.78,8.58,255790.0
2025-05-26,8.6,8.44,8.63,8.42,217085.26
2025-05-27,8.44,8.5,8.61,8.44,173576.78
2025-05-28,8.48,8.51,8.59,8.42,173135.59
2025-05-29,8.51,8.39,8.53,8.38,222062.98
2025-05-30,8.4,8.55,8.6,8.4,348626.56
2025-06-03,8.81,9.41,9.41,8.81,1382514.65
2025-06-04,9.44,9.89,10.03,9.38,1751307.66
2025-06-05,9.89,9.51,9.95,9.37,935339.0
2025-06-06,9.64,9.54,9.65,9.38,613236.17
2025-06-09,9.59,9.75,9.82,9.44,464341.39
2025-06-10,9.78,9.75,9.88,9.72,411455.03
2025-06-11,9.75,9.64,9.79,9.63,388727.07
2025-06-12,9.67,9.6,9.71,9.59,614900.0
2025-06-13,9.59,9.35,9.64,9.25,2721028.17
2025-06-16,9.35,9.57,9.62,9.26,697823.06
2025-06-17,9.55,9.42,9.66,9.39,267754.0
2025-06-18,9.42,9.46,9.48,9.32,254524.01
2025-06-19,9.46,9.45,9.5,9.4,246563.0
2025-06-20,9.44,9.57,9.57,9.43,388469.0
2025-06-23,9.52,9.59,9.61,9.43,356301.8
2025-06-24,9.54,9.63,9.64,9.45,356605.57
2025-06-25,9.6,9.65,9.7,9.54,266496.17
2025-06-26,9.61,9.71,9.75,9.54,298989.53
2025-06-27,9.72,9.46,9.77,9.45,448794.6
2025-06-30,9.35,9.43,9.45,9.28,256127.0
2025-07-01,9.5,9.61,9.63,9.43,230902.01
2025-07-02,9.61,9.59,9.68,9.58,222739.61
2025-07-03,9.61,9.66,9.76,9.53,290570.32
2025-07-04,9.69,9.79,9.88,9.67,280178.29
2025-07-07,9.81,9.76,9.84,9.68,188697.0
2025-07-08,9.78,9.71,9.79,9.64,177343.0
2025-07-09,9.66,9.76,9.77,9.66,148679.06
2025-07-10,9.77,9.77,9.81,9.69,244783.32
2025-07-11,9.77,9.67,9.96,9.65,373014.0
2025-07-14,9.62,9.68,9.8,9.62,239448.0
2025-07-15,9.7,9.63,9.77,9.62,175397.8
2025-07-16,9.62,9.62,9.7,9.53,180903.87
2025-07-17,9.6,9.59,9.67,9.55,199077.01
2025-07-18,9.61,9.62,9.67,9.55,131096.0
2025-07-21,9.62,9.56,9.66,9.51,208305.14
2025-07-22,9.56,9.37,9.56,9.35,240692.21
2025-07-23,9.36,9.37,9.49,9.33,228931.72
2025-07-24,9.37,9.17,9.4,9.11,372781.95
2025-07-25,9.15,9.12,9.2,9.08,212068.21
2025-07-28,9.09,9.1,9.26,9.05,261036.0
2025-07-29,9.08,8.89,9.13,8.85,382831.57
2025-07-30,8.89,8.9,9.0,8.86,266434.42
2025-07-31,8.88,8.84,8.95,8.77,303817.44
2025-08-01,8.81,8.82,8.9,8.76,233789.64
2025-08-04,8.81,8.98,9.07,8.81,372507.13
2025-08-05,9.01,9.12,9.13,8.96,229479.0
2025-08-06,9.12,9.07,9.16,9.04,146214.0
2025-08-07,9.08,9.02,9.1,9.0,143922.77
2025-08-08,9.04,8.96,9.06,8.92,160904.71
2025-08-11,8.94,8.8,8.98,8.77,348332.81
2025-08-12,8.8,8.8,8.85,8.76,218696.0
2025-08-13,8.8,8.76,8.81,8.76,189608.03
2025-08-14,8.76,8.7,8.79,8.7,226179.0
2025-08-15,8.7,8.59,8.7,8.47,376676.2
2025-08-18,8.58,8.59,8.64,8.56,297373.98
2025-08-19,8.56,8.52,8.59,8.49,241916.1
2025-08-20,8.5,8.53,8.6,8.48,303779.23
2025-08-21,8.54,8.63,8.66,8.5,310079.0
2025-08-22,8.63,8.56,8.65,8.5,308910.12
2025-08-25,8.54,8.61,8.63,8.52,275731.0
2025-08-26,8.59,8.52,8.61,8.52,237174.41
2025-08-27,8.53,8.43,8.53,8.39,378017.43
2025-08-28,8.41,8.52,8.53,8.37,382747.74
2025-08-29,8.48,8.46,8.65,8.45,364421.39
2025-09-01,8.46,8.51,8.65,8.4,560990.83
2025-09-02,8.54,8.84,8.85,8.48,814595.39
2025-09-03,8.81,8.69,8.84,8.61,414674.12
2025-09-04,8.65,8.57,8.67,8.47,367903.34
2025-09-05,8.56,8.48,8.57,8.44,244399.78
2025-09-08,8.48,8.47,8.58,8.42,253057.91
2025-09-09,8.5,8.51,8.53,8.45,179617.0
2025-09-10,8.52,8.49,8.54,8.46,180579.92
2025-09-11,8.47,8.5,8.54,8.44,243649.64
2025-09-12,8.5,8.44,8.53,8.43,207519.89
2025-09-15,8.42,8.32,8.45,8.31,259772.6
2025-09-16,8.35,8.32,8.37,8.3,194789.7
2025-09-17,8.32,8.25,8.34,8.24,173169.24
2025-09-18,8.26,8.18,8.27,8.14,233642.67
2025-09-19,8.18,8.24,8.24,8.11,179637.0
2025-09-22,8.24,8.35,8.39,8.21,301433.03
2025-09-23,8.35,8.37,8.44,8.29,279725.0
2025-09-24,8.33,8.43,8.49,8.33,244742.51
2025-09-25,8.44,8.38,8.45,8.31,208533.53
2025-09-26,8.37,8.26,8.37,8.17,232184.02
2025-09-29,8.24,8.32,8.33,8.19,213595.93
2025-09-30,8.32,8.18,8.33,8.13,255291.36
